Country/Region,Food Regime and Political Economy Summary,Key Institutional Actors,Source Name,Classification,Citation/URL
United States,"Productivist regime with heavy subsidy and lobby support for corn, soy, beef, dairy","USDA, Farm Bureau, Meat Institute",IPES-Food 2017; OECD 2023,🟢 A,https://ipes-food.org/reports/
European Union,"Common Agricultural Policy incentivizes cereals, dairy, and some environmental shifts","COPA-COGECA, dairy coops",OECD 2023; EU CAP Docs,🟢 A,https://www.oecd.org/agriculture/topics/agricultural-policy-monitoring-and-evaluation/
Brazil,Export-oriented livestock and soy model; ruralista bloc politically dominant,"ABIEC, CNA, JBS",WRI; FAO; academic political economy literature,🟢 A,https://www.wri.org/insights/beef-amazon-forest
India,"State-supported food sovereignty model centered on rice, wheat, pulses; beef banned in most states","Food Corporation of India, regional governments",FAO; WTO notifications,🟢 A,https://www.fao.org/3/i8563en/I8563EN.pdf
China,"State-capitalist model with strategic pork reserves, feed imports, rising plant-based innovation","MinAgri, COFCO, WH Group","World Bank, WTO",🟢 A,https://www.worldbank.org/en/news/feature/2022/12/14/china-agriculture-transformation
Russia,Import-substitution policy post-2014; protectionist food regime with livestock expansion,"RosAgro, state banks","FAO, academic sources",🟢 A,https://www.fao.org/family-farming/detail/en/c/1273592/
