Religious/Cultural Group,Dietary Norms Summary,Geographic Prevalence,Source Name,Classification,Citation/URL
Islam,"Halal laws prohibit pork, blood, alcohol; ritual slaughter required","Middle East, North Africa, South Asia",Pew Research 2017,🟢 A,https://www.pewresearch.org/religion/2017/04/05/the-future-of-world-religions/
Judaism,"Kosher laws prohibit pork, shellfish; require ritual slaughter and meat-dairy separation","Israel, US, Europe",Pew Research / Rabbinical Assembly,🟢 A,https://www.pewresearch.org/religion/
Hinduism,Many abstain from beef; majority vegetarian or lacto-vegetarian; fasting days common,"India, Nepal, Sri Lanka",FAO/Academic Literature,🟢 A,https://www.fao.org/3/i5313e/i5313e.pdf
Buddhism,"Predominantly vegetarian; strict sects avoid all meat, eggs, garlic/onion",East and Southeast Asia,FAO/Academic Literature,🟢 A,https://www.fao.org/3/i5313e/i5313e.pdf
Christianity (Orthodox),"Fasting periods prohibit meat, dairy, eggs; common in Lent and Advent","Eastern Europe, Middle East, Ethiopia",Pew Research,🟢 A,https://www.pewresearch.org/religion/
Christianity (Catholic),Lenten fasting and meat abstention on Fridays; less restrictive overall,"Europe, Americas, Philippines",Pew Research,🟢 A,https://www.pewresearch.org/religion/
Secular/Unaffiliated,"Highly diverse; includes vegetarianism, veganism, flexitarianism","Global (esp. Europe, East Asia)",WRI/Food Trends Reports,🟢 A,https://www.wri.org/insights/shifting-diets-sustainable-future
