Region,Dominant Products,Source Name,Classification,Citation/URL,Notes
Asia,"Rice, vegetables, palm oil",FAOSTAT,🟢 A,https://www.fao.org/faostat/en/#data/QCL,Largest rice producer
North America,"Maize, soy, wheat",FAOSTAT,🟢 A,https://www.fao.org/faostat/en/#data/QCL,Major feed and export crops
Latin America,"Sugarcane, soy, coffee",FAOSTAT,🟢 A,https://www.fao.org/faostat/en/#data/QCL,Brazil leads in sugarcane
Sub-Saharan Africa,"Cassava, sorghum",FAOSTAT,🟢 A,https://www.fao.org/faostat/en/#data/QCL,Lower calorie yields per hectare
Europe,"Wheat, barley, dairy",FAOSTAT,🟢 A,https://www.fao.org/faostat/en/#data/QCL,High input-output efficiency
