Data Point,Value,Source Name,Classification,Citation/URL,Notes
Sugarcane,"1,870 million tonnes",FAOSTAT,🟢 A,https://www.fao.org/faostat/en/#data/QC,Leading by volume
Maize,"1,171 million tonnes",FAOSTAT,🟢 A,https://www.fao.org/faostat/en/#data/QC,Includes feed use
Rice (paddy),"1,264 million tonnes",FAOSTAT,🟢 A,https://www.fao.org/faostat/en/#data/QC,Paddy form
Wheat,761 million tonnes,FAOSTAT,🟢 A,https://www.fao.org/faostat/en/#data/QC,Unknown
Potatoes,359 million tonnes,FAOSTAT,🟢 A,https://www.fao.org/faostat/en/#data/QC,Unknown
