Data Point,Value,Source Name,Classification,Citation/URL,Notes
Rice,541 kcal/person/day,FAOSTAT FBS,🟢 A,https://www.fao.org/faostat/en/#data/FBS,Average global availability
Wheat,527 kcal/person/day,FAOSTAT FBS,🟢 A,https://www.fao.org/faostat/en/#data/FBS,Unknown
Sugar (refined equivalent),200 kcal/person/day,FAOSTAT FBS,🟢 A,https://www.fao.org/faostat/en/#data/FBS,Includes all sugar types
Maize,147 kcal/person/day,FAOSTAT FBS,🟢 A,https://www.fao.org/faostat/en/#data/FBS,Unknown
Soybean oil,82 kcal/person/day,FAOSTAT FBS,🟢 A,https://www.fao.org/faostat/en/#data/FBS,Vegetable oils combined
