Index Code,Phase,Module,Type,Title/Description,File Name,Storage Location,Source Category,Notes
P4.M1.TX01,4,1,TX,Cost comparisons of plant- vs. animal-based food categories,P4_M1_TX01_CostComparison.txt,/ssot/phase4/module1/outputs/,🟢,Uses FAO cost and subsidy data; derived from FAOSTAT commodity database and OECD Producer Support Estimates.
P4.M1.DT01,4,1,DT,Cost of production by food category and region,P4_M1_DT01_CostOfProduction.csv,/ssot/phase4/module1/data/,🟢,✅ Cost model updated 2024-05: Legume cost/kg adjusted to match corrected protein yield.
P4.M2.TX01,4,2,TX,Labor and infrastructure readiness analysis,P4_M2_TX01_LaborInfraMapping.txt,/ssot/phase4/module2/outputs/,🟢,Uses FAO labor data and WB infrastructure ratings; labor-hour estimates based on FAO AgriLab dataset; infra scores from World Bank Logistics Index.
P4.M2.DT01,4,2,DT,Labor hours and infrastructure scores by region and food type,P4_M2_DT01_LaborInfraData.csv,/ssot/phase4/module2/data/,🟢,Normalized scores across food system inputs
P4.M3.TX01,4,3,TX,Trade flows and supply chain chokepoints,P4_M3_TX01_TradeSupplyAnalysis.txt,/ssot/phase4/module3/outputs/,🟢,Maps critical flows and vulnerabilities
P4.M3.DT01,4,3,DT,Export/import volumes for top 5 plant-based staples,P4_M3_DT01_TradeFlows.csv,/ssot/phase4/module3/data/,🟢,Volume in million metric tons
P4.M4.TX01,4,4,TX,Transition costs and investment case studies,P4_M4_TX01_TransitionCosts.txt,/ssot/phase4/module4/outputs/,🟡,Uses scenario modeling from FAO and IMF reports; country scenarios synthesized from FAO Investment Centre reports and IMF Global Fiscal Monitor.
P4.M4.DT01,4,4,DT,Transition investment needs by country and sector,P4_M4_DT01_InvestmentScenarios.csv,/ssot/phase4/module4/data/,🟡,Per capita costs and total needs
