Index Code,Phase,Module,Type,Title/Description,File Name,Storage Location,Source Category,Notes
P3.M1.TX01,3,1,TX,Comparative environmental impacts of plant-based vs conventional diets,P3_M1_TX01_ComparativeImpact.txt,/ssot/phase3/module1/outputs/,🟢 A,"Sources include Poore & Nemecek (2018), Clark et al. (2019), IPCC reports"
P3.M2.FG01,3,2,FG,Carbon and biodiversity benefits of land rewilding,P3_M2_FG01_LandRewilding.png,/ssot/phase3/module2/outputs/,🟢 A,Visual summary based on land-use projections and rewilding scenarios
P3.M2.TX01,3,2,TX,Land sparing and carbon sequestration potential,P3_M2_TX01_LandSparing.txt,/ssot/phase3/module2/outputs/,🟢 A,"Sources include IAM models, Hayek et al. (2021)"
P3.M3.TX01,3,3,TX,Risks and trade-offs of scaling plant-based food systems,P3_M3_TX01_Tradeoffs.txt,/ssot/phase3/module3/outputs/,🟡 B,Includes synthesis of risks from Springmann et al. and Searchinger et al.
P3.M1.DT01,3,1,DT,GHG emissions by dietary scenario and region,P3_M1_DT01_GHGEmissionsByScenario.csv,/ssot/phase3/module1/data/,🟢 A,"Based on FAOSTAT, IPCC AR6 dietary emissions factors"
P3.M2.DT01,3,2,DT,Land use and biodiversity pressure by AEZ,P3_M2_DT01_LandBiodiversityByAEZ.csv,/ssot/phase3/module2/data/,🟢 A,Based on GAEZ and Biodiversity Intactness Index projections
P3.M3.DT01,3,3,DT,"Scenario comparisons for waste, yield, substitution",P3_M3_DT01_ScenarioComparisons.csv,/ssot/phase3/module3/data/,🟢 A,✅ Corrected 2024-05 for recalibrated protein adequacy using validated crop yields (see Phase 2).
