Commodity,Top Exporter,Top Importer,Export Volume (2022),Export Value (USD),Source Name,Classification,Citation/URL
Wheat,Russia,Egypt,39.5 million tonnes,$10.2 billion,FAOSTAT 2023,🟢 A,https://www.fao.org/faostat/en/#data/TM
Soybeans,Brazil,China,92.5 million tonnes,$41.1 billion,FAOSTAT 2023,🟢 A,https://www.fao.org/faostat/en/#data/TM
Rice,India,Bangladesh,20.2 million tonnes,$9.8 billion,FAOSTAT 2023,🟢 A,https://www.fao.org/faostat/en/#data/TM
Beef,Brazil,China,2.3 million tonnes,$13.9 billion,FAOSTAT 2023,🟢 A,https://www.fao.org/faostat/en/#data/TM
Dairy (Milk Powder),New Zealand,China,1.8 million tonnes,$6.7 billion,FAOSTAT 2023,🟢 A,https://www.fao.org/faostat/en/#data/TM
