Country/Region,Main Subsidy Instruments,Estimated Annual Value (USD),Targeted Sectors,Source Name,Classification,Citation/URL
United States,"Direct payments, crop insurance, conservation subsidies",$53 billion,"Cereals, oilseeds, livestock",OECD 2023,🟢 A,https://www.oecd.org/agriculture/topics/agricultural-policy-monitoring-and-evaluation/
European Union,"Common Agricultural Policy (CAP): income support, rural development",$90 billion,"Cereals, dairy, meat, horticulture",OECD 2023,🟢 A,https://www.oecd.org/agriculture/topics/agricultural-policy-monitoring-and-evaluation/
China,"Price supports, input subsidies, minimum procurement",$180 billion,"Rice, maize, pork",WTO Notifications,🟢 A,https://www.wto.org/english/tratop_e/agric_e/agric_e.htm
India,"Fertilizer subsidies, MSP, food procurement",$66 billion,"Wheat, rice, pulses",WTO Notifications,🟢 A,https://www.wto.org/english/tratop_e/agric_e/agric_e.htm
Brazil,"Credit subsidies, price supports",$10 billion,"Soybeans, beef, sugarcane",OECD 2023,🟢 A,https://www.oecd.org/agriculture/topics/agricultural-policy-monitoring-and-evaluation/
