Index Code,Phase,Module,Type,Title/Description,File Name,Storage Location,Source Category,Notes
P0.M1.DT01,0,1,DT,Global food production by category (weight + calories),P0_M1_DT01_GlobalFoodProduction.csv,/ssot/phase0/module1/data/,🟢 A,Global food production categorized by weight and caloric content. Aggregated from FAO and Poore & Nemecek.
P0.M1.DT02,0,1,DT,Top global food commodities by production weight,P0_M1_DT02_TopCommoditiesByWeight.csv,/ssot/phase0/module1/data/,🟢 A,Top food commodities ranked by global production weight. Based on FAOSTAT crop volumes.
P0.M1.DT03,0,1,DT,Top global food commodities by caloric contribution,P0_M1_DT03_TopCommoditiesByCalories.csv,/ssot/phase0/module1/data/,🟢 A,Top food commodities by caloric contribution. Derived from FAOSTAT Food Balance Sheets.
P0.M1.DT04,0,1,DT,Regional patterns in major food commodity production,P0_M1_DT04_RegionalProductionPatterns.csv,/ssot/phase0/module1/data/,🟢 A,"Regional specialization in food commodity production. E.g. maize in North America, rice in Asia."
P0.M1.DT05,0,1,DT,Allocation of global crop calories to animal feed,P0_M1_DT05_CropAllocationToFeed.csv,/ssot/phase0/module1/data/,🟢 A,Estimates of global crop calories diverted to animal feed. Drawn from Poore & Nemecek and FAO.
P0.M1.FG02,0,1,FG,Plant vs. animal-based food production (weight and caloric contribution),P0_M1_FG02_PlantVsAnimalProduction.svg,/ssot/phase0/module1/outputs/,🟢 A,Figure comparing plant- vs. animal-based food production by weight and calorie share.
P0.M1.FG03,0,1,FG,Regional food production volumes by continent,P0_M1_FG03_RegionalFoodProduction.svg,/ssot/phase0/module1/outputs/,🟢 A,Regional comparison of food production volumes by continent. Based on P0.M1.DT04 data.
P0.M1.TX01,0,1,TX,"Structured synthesis of global food production patterns (weight, calories, categories, regions, feed)",P0_M1_TX01_GlobalFoodProductionOverview.txt,/ssot/phase0/module1/outputs/,🟢 A,"Structured synthesis of global food production by category, region, and system type."
P0.M2.DT01,0,2,DT,"Global food losses and waste by stage, region, and commodity",P0_M2_DT01_FoodLossWasteByStageRegionCommodity.csv,/ssot/phase0/module2/data/,🟢 A,"Derived from FAO (2011, 2019) and UNEP (2021) datasets. Disaggregates food loss and waste by stage, region, and commodity."
P0.M2.DT02,0,2,DT,Global food loss and waste by food group and supply chain stage,P0_M2_DT02_FoodLossByGroupAndStage.csv,/ssot/phase0/module2/data/,🟢 A,"Loss and waste rates by food group and supply chain stage. Source: FAO (2011), UNEP (2021)."
P0.M2.FG01,0,2,FG,Global Food Loss and Waste Distribution by Supply Chain Stage,P0_M2_FG01_FoodLossWasteByStage.svg,/ssot/phase0/module2/outputs/,🟢 A,Bar chart visualizing estimated percentage loss by supply chain stage. Based on FAO and UNEP datasets.
P0.M2.FG02,0,2,FG,Regional Food Loss and Waste Distribution by Supply Chain Stage,P0_M2_FG02_RegionalFoodLossWasteByStage.svg,/ssot/phase0/module2/outputs/,🟢 A,Illustrates regional variation in food loss and waste across supply chain stages. Based on FAO and UNEP data.
P0.M2.TX01,0,2,TX,"Evidence-based synthesis of food loss and waste distribution, causes, and disparities",P0_M2_TX01_FoodLossWasteSynthesis.txt,/ssot/phase0/module2/outputs/,🟢 A,Synthesis of global food loss and waste patterns. Draws on institutional data to highlight stage- and region-specific inefficiencies.
P0.M3.DT01,0,3,DT,Global agricultural land allocation by use and commodity,P0_M3_DT01_GlobalLandUseByCategory.csv,/ssot/phase0/module3/data/,🟢 A,"Integrates land use data from FAOSTAT, EarthStat, and Poore & Nemecek (2018). Provides land allocation by food system."
P0.M3.DT02,0,3,DT,Global water and nitrogen use in agriculture,P0_M3_DT02_WaterNitrogenUseInAgriculture.csv,/ssot/phase0/module3/data/,🟢 A,"Water and nitrogen input use across crops. Sources: AQUASTAT, FAOSTAT, Poore & Nemecek (2018)."
P0.M3.FG01,0,3,FG,Resource Allocation in Global Food Systems – Plant vs. Animal-Based,P0_M3_FG01_ResourceUsePlantVsAnimal.svg,/ssot/phase0/module3/outputs/,🟢 A,Visual comparison of resource use between plant- and animal-based food systems.
P0.M3.TX01,0,3,TX,"Narrative synthesis of global land, water, and nitrogen use patterns",P0_M3_TX01_LandWaterNutrientUseSynthesis.txt,/ssot/phase0/module3/outputs/,🟢 A,"Narrative synthesis of global land, water, and nitrogen use. Draws on Phase 0 empirical inputs."
P0.M4.DT01,0,4,DT,Global food trade flows by commodity and country,P0_M4_DT01_GlobalFoodTradeFlows.csv,/ssot/phase0/module4/data/,🟢 A,FAOSTAT trade data by commodity and country. Provides bilateral trade volume and value.
P0.M4.DT02,0,4,DT,Agricultural subsidy structures by region,P0_M4_DT02_AgriculturalSubsidyStructures.csv,/ssot/phase0/module4/data/,🟢 A,OECD and WTO agricultural subsidy reports. Disaggregates subsidy flows by type and region.
P0.M4.FG01,0,4,FG,Visual of food trade interdependence network,P0_M4_FG01_FoodTradeNetwork.svg,/ssot/phase0/module4/outputs/,🟢 A,Network diagram showing global interdependence in food trade flows. Based on bilateral trade data from FAOSTAT.
P0.M4.TX01,0,4,TX,Structural and economic organization of the global food system,P0_M4_TX01_EconomicStructureFoodSystem.txt,/ssot/phase0/module4/outputs/,🟢 A,"Summarizes trade architecture, subsidy regimes, and market concentration in the global food system."
P0.M5.DT01,0,5,DT,Global religious and cultural dietary norms,P0_M5_DT01_GlobalReligiousDietaryNorms.csv,/ssot/phase0/module5/data/,🟢 A,"Summarizes major religious and cultural dietary restrictions by region. Based on Pew, FAO, and WRI."
P0.M5.DT02,0,5,DT,National food regimes and political economy of animal agriculture,P0_M5_DT02_NationalFoodRegimes.csv,/ssot/phase0/module5/data/,🟢 A,Outlines national food regimes and the political economy of animal agriculture. Sources include IPES-Food and FAO.
P0.M5.DT03,0,5,DT,Political and industry actors shaping animal agriculture policy,P0_M5_DT03_AnimalAgriLobbyActors.csv,/ssot/phase0/module5/data/,🟢 A,Documents corporate and political actors influencing livestock policy. Drawn from IPES-Food and FAO.
P0.M5.FG01,0,5,FG,Annotated map of cultural-political dietary resistance domains,P0_M5_FG01_DietaryResistanceMap.svg,/ssot/phase0/module5/outputs/,🟢 A,Annotated global map showing political-cultural dietary resistance. Data coded by region and dominant system.
P0.M5.TX01,0,5,TX,"Synthesis of cultural, religious, and political barriers to food system change",P0_M5_TX01_CulturalPoliticalConstraints.txt,/ssot/phase0/module5/outputs/,🟢 A,Synthesizes cultural and political constraints to food system change. Maps resistance to dietary shifts.
P0.M6.DT01,0,6,DT,Harmonized global food system baseline dataset,P0_M6_DT01_GlobalFoodSystemBaseline.csv,/ssot/phase0/module6/data/,🟢 A,"Harmonized dataset compiling Phase 0 Modules 1–5. Includes production, loss, inputs, and sociopolitical constraints."
P0.M6.FG01,0,6,FG,Global food system flow diagram (Sankey),P0_M6_FG01_FoodSystemSankey.svg,/ssot/phase0/module6/outputs/,🟢 A,"Sankey diagram showing flows from production through loss, feed, waste, and human consumption."
P0.M6.TX01,0,6,TX,Structured synthesis of the global food system based on Modules 1–5,P0_M6_TX01_GlobalFoodSystemSynthesis.txt,/ssot/phase0/module6/outputs/,🟢 A,Structured synthesis of the global food system using harmonized data from all Phase 0 modules.
P0.M6.TX02,0,6,TX,Historical synthesis of the food system from 1960 to present,P0_M6_TX02_HistoricalEvolutionFoodSystem.txt,/ssot/phase0/module6/outputs/,🟢 A,"Historical timeline of the global food system (1960–present), including Green Revolution and liberalization."
P0.M1.DT06,0,1,DT,Feed-to-food conversion ratios by region and livestock type,P0_M1_DT06_FeedToFoodConversion.csv,/ssot/phase0/module1/data/,🟢 A,Derived from FAO and peer-reviewed meta-analyses
P0.M4.DT03,0,4,DT,Export dependency matrix by commodity and region,P0_M4_DT03_ExportDependencies.csv,/ssot/phase0/module4/data/,🟢 A,Calculated from FAOSTAT and WTO trade data
P0.M2.DT03,0,2,DT,Food waste rates by income level and commodity group,P0_M2_DT03_FoodWasteByIncome.csv,/ssot/phase0/module2/data/,🟢 A,Constructed from UNEP and World Bank datasets
P0.M2.TX02,0,2,TX,Income-level disaggregation of food waste patterns,P0_M2_TX02_IncomeLevelFoodWaste.txt,/ssot/phase0/module2/outputs/,🟢 A,Complementary analysis based on new disaggregated data
P0.M7.DT01,0,7,DT,"Global micronutrient deficiency rates by region, sex, and age group",P0_M7_DT01_CurrentGlobalMicronutrientDeficiencies.csv,/ssot/phase0/module7/data/,🟢 A,"Derived from WHO, GBD, UNICEF, and FAO reports"
P0.M7.TX01,0,7,TX,Interpretation of global micronutrient deficiency patterns and implications,P0_M7_TX01_DeficiencyBaselineInterpretation.txt,/ssot/phase0/module7/outputs/,🟢 A,Identifies baseline risk conditions and systemic failures
P0.M8.DT01,0,8,DT,Caloric and protein undernourishment by region and demographic group,P0_M8_DT01_CaloricAndProteinUndernourishment.csv,/ssot/phase0/module8/data/,🟢 A,"Derived from FAO SOFI, World Bank, GBD 2020, and UNICEF"
P0.M8.TX01,0,8,TX,Interpretation of current global caloric and protein undernourishment,P0_M8_TX01_GlobalUndernourishmentInterpretation.txt,/ssot/phase0/module8/outputs/,🟢 A,Narrative of geographic and systemic root causes based on institutional sources
